Name,Gender,Age,Membership Level
Aaliyah Lane,Female,41,Gold
Aaryan Clarkson,Female,63,Platinum
Abbie Graham,Female,15,Silver
Abbigail Ramirez,Male,40,Platinum
Abdurrahman Thorpe,Male,48,Platinum
Adeline Hodge,Female,40,Gold
Aden Mccarthy,Male,46,Platinum
Adil Baldwin,Female,56,Gold
Adina Keenan,Female,28,Gold
Adrian Mills,Male,18,Platinum
Akram Mccullough,Male,55,Silver
Akshay Schultz,Male,42,Silver
Alaya Ashton,Male,26,Silver
Alejandro Clegg,Female,49,Platinum
Alesha George,Male,40,Silver
Aliesha Garrison,Female,28,Silver
Alisha Pemberton,Female,20,Gold
Alissa Mullins,Female,40,Gold
Aliyah Salt,Female,64,Platinum
Amaan Milne,Female,54,Platinum
Amalie Greaves,Female,52,Silver
Amani Hays,Female,17,Platinum
Amar Healy,Female,65,Silver
Amelia Todd,Female,46,Gold
Amir Dorsey,Female,39,Silver
Amirah Brock,Male,37,Silver
Amna Schroeder,Female,38,Gold
Amritpal Nicholls,Female,25,Silver
Amy-Louise Hardin,Male,40,Gold
Anjali Ware,Male,59,Gold
Annabel Lin,Male,21,Gold
Annabell Edwards,Female,19,Platinum
Antonina Matthams,Male,35,Platinum
Arham Ellison,Female,51,Silver
Aria Hodge,Male,33,Gold
Arielle Forrest,Female,41,Platinum
Ariyah Brandt,Male,45,Silver
Arley Mora,Female,17,Silver
Arnie Walter,Female,39,Gold
Arya Wise,Female,67,Silver
Ava-Rose Small,Female,58,Gold
Ayrton Mendoza,Male,34,Platinum
Barry Gallagher,Female,50,Silver
Bea Driscoll,Female,15,Gold
Beatrix Mccann,Female,41,Platinum
Beverly Macgregor,Female,17,Gold
Bibi Mcneil,Female,49,Silver
Bill Sadler,Female,18,Gold
Brady Mendez,Female,15,Gold
Briony Richard,Female,35,Gold
Brody Wilkes,Female,35,Silver
Byron Haney,Female,32,Gold
Caitlyn Villegas,Male,63,Gold
Cali Lloyd,Female,34,Gold
Cassandra Hanna,Male,27,Silver
Cavan John,Female,15,Gold
Cayden Byrne,Male,41,Platinum
Charleigh Olson,Male,46,Gold
Chloe-Louise Goodman,Female,65,Silver
Christy Mccallum,Female,18,Silver
Clive Duran,Female,45,Platinum
Cohen Ridley,Female,40,Gold
Cole Mac,Female,44,Silver
Collette White,Female,33,Silver
Conall Rowland,Female,40,Platinum
Connagh Macfarlane,Female,44,Silver
Coral Mahoney,Female,15,Platinum
Corban Donaldson,Female,17,Silver
Cormac Allen,Female,33,Silver
Courtnie Goldsmith,Female,21,Platinum
Cristiano Roche,Male,20,Silver
Dalia Travers,Female,27,Gold
Darcey Osborn,Female,37,Gold
Darrell Broughton,Female,39,Platinum
Della Pratt,Male,22,Silver
Destiny Albert,Male,38,Silver
Destiny Bassett,Female,42,Platinum
Dewi Merrill,Male,66,Gold
Dexter Savage,Male,40,Silver
Diego Perez,Female,18,Platinum
Donte French,Female,32,Silver
Drew Hamer,Female,61,Gold
Duncan Fernandez,Female,60,Gold
Dylon Curry,Male,41,Silver
Earl Whitley,Male,52,Platinum
Eilish Donnelly,Male,45,Gold
Eira Watt,Female,15,Platinum
Elias Robbins,Female,15,Gold
Elijah White,Male,15,Platinum
Ella-Grace Cross,Male,38,Silver
Ellesha Key,Female,54,Gold
Ellesse Osborn,Male,61,Silver
Elli Cole,Male,65,Platinum
Ellie-Louise Hopper,Male,39,Silver
Elliot Hackett,Male,44,Platinum
Ellise Greenaway,Male,57,Gold
Ellise Wilkins,Female,50,Gold
Elodie Tierney,Male,51,Silver
Enrique Farrell,Male,40,Gold
Enya Hodges,Male,65,Silver
Eric Bautista,Female,53,Silver
Erika Ridley,Female,31,Silver
Essa Mccallum,Male,61,Silver
Essa Ryan,Male,25,Platinum
Essa Whitehouse,Female,16,Platinum
Eva-Rose Armitage,Female,43,Gold
Ewen Dominguez,Male,17,Platinum
Faith Blair,Female,35,Gold
Fannie Guthrie,Female,18,Silver
Fatima Barnes,Male,56,Silver
Fatima Buxton,Female,60,Silver
Fern Buckley,Male,19,Platinum
Firat Dotson,Female,49,Gold
Florence Boyer,Female,50,Gold
Florence Frost,Male,36,Silver
Francis Briggs,Male,49,Silver
Franklin Crane,Male,53,Platinum
Frederick Preston,Female,34,Platinum
Freja Peck,Male,36,Platinum
Freya Blevins,Female,63,Silver
Freyja Bains,Male,28,Silver
Gaia Gomez,Male,24,Platinum
Gail Pennington,Female,21,Silver
Gavin Romero,Female,31,Silver
Gianni Fry,Male,62,Silver
Gideon Rivera,Female,28,Platinum
Gina Parrish,Female,48,Platinum
Giselle Arroyo,Male,24,Gold
Giselle Landry,Male,59,Gold
Giselle Weiss,Male,35,Silver
Gracie-Mae Iles,Female,51,Silver
Graeme Howe,Female,49,Gold
Gregor Richard,Female,52,Silver
Gregory Mata,Male,35,Silver
Guto Beech,Male,41,Platinum
Hakim Jennings,Male,62,Silver
Hari Parra,Male,36,Platinum
Harleigh Currie,Male,30,Platinum
Harleigh Williamson,Female,49,Platinum
Hawa Howe,Male,20,Platinum
Hayden Nicholls,Male,63,Gold
Heather Enriquez,Female,62,Gold
Helena Bob,Female,27,Platinum
Hendrix Searle,Male,25,Gold
Humzah Green,Male,65,Gold
Husna Blevins,Female,17,Platinum
Husna Pham,Male,55,Platinum
Hussain Vaughan,Male,39,Silver
Iain Clemons,Female,32,Silver
Iris Harrell,Female,21,Gold
Iris Mcnamara,Male,51,Platinum
Irving Hall,Male,48,Platinum
Isabel Beltran,Male,50,Gold
Isobel Gibson,Female,31,Platinum
Issac Dolan,Female,16,Silver
Ivor Lloyd,Male,15,Gold
Izabel Contreras,Female,43,Silver
Jago Chadwick,Female,22,Silver
Jai Mckay,Female,38,Platinum
Jak Mata,Female,38,Gold
Jake Short,Female,25,Platinum
Jamal Garrison,Female,21,Platinum
Jamie Robinson,Female,23,Silver
Jasper Combs,Male,57,Platinum
Jaxon Carty,Male,57,Gold
Jay Kirkland,Male,40,Gold
Jayda Boyd,Female,40,Silver
Jazmin Montgomery,Female,39,Silver
Jazmine Parker,Female,34,Silver
Jean-Luc Reyes,Female,59,Platinum
Jess Branch,Male,42,Silver
Jess Ford,Female,53,Silver
Jillian Edmonds,Male,24,Silver
Jiya Beck,Female,30,Platinum
Joao Wallis,Female,29,Platinum
Joey Benitez,Female,51,Platinum
Joseph Pratt,Male,44,Silver
Jozef Mcnamara,Female,59,Silver
Juliet Cole,Male,44,Gold
Juliet Oneil,Male,67,Silver
Juliette Hogan,Female,57,Silver
Junayd Waters,Female,62,Platinum
Kade Morris,Female,53,Platinum
Kaine Draper,Female,61,Platinum
Kaira Moses,Male,43,Silver
Kaitlan Castillo,Female,62,Gold
Kanye Piper,Female,38,Gold
Karl Mack,Female,66,Gold
Kashif Figueroa,Male,25,Gold
Kate Halliday,Female,16,Platinum
Kathryn Barlow,Male,19,Silver
Kathy Wiggins,Female,17,Gold
Kaydon Ford,Male,29,Platinum
Kaydon Thornton,Female,44,Silver
Keanan Peralta,Female,60,Platinum
Keelan Pugh,Female,55,Silver
Keeley Knapp,Male,63,Gold
Keeley Lowery,Female,23,Silver
Kelan Huffman,Female,37,Silver
Kevin Matthews,Female,47,Platinum
Khia Farrow,Male,53,Platinum
Konnor Hamilton,Male,58,Platinum
Kourtney Rasmussen,Female,31,Silver
Laibah Moody,Female,55,Silver
Laila Spooner,Male,30,Silver
Laila Wu,Male,54,Gold
Lainey Sheppard,Male,63,Platinum
Laith Bell,Male,46,Gold
Lana Marsden,Male,51,Platinum
Lara Parrish,Female,36,Gold
Leela Rodgers,Male,27,Gold
Leigha Jeffery,Male,22,Gold
Leilani Mckinney,Female,18,Silver
Lennon Ellison,Male,50,Platinum
Lennon Wise,Male,40,Silver
Leon Montes,Female,21,Silver
Lila Mcdowell,Male,51,Silver
Lilia Porter,Female,67,Silver
Lilith Velez,Female,52,Silver
Lillia Dodson,Female,31,Platinum
Lilliana Beaumont,Female,64,Gold
Lilliana Sharp,Male,32,Gold
Lillie-Mai Huynh,Male,54,Silver
Liyah Mcloughlin,Male,17,Gold
Lois Bell,Female,35,Platinum
Loui Dunne,Male,45,Gold
Louise Berry,Female,30,Gold
Lucian Thatcher,Male,62,Gold
Lucien Mcclure,Female,60,Gold
Luther Hartman,Female,30,Gold
Lynda Galvan,Female,59,Silver
Maddison Neal,Male,64,Silver
Madelaine Beaumont,Male,19,Silver
Maeve Parra,Female,43,Gold
Maha Ortega,Male,19,Silver
Mahad Moran,Female,24,Silver
Maisy Walton,Male,46,Gold
Maja Connelly,Male,49,Platinum
Maja Daugherty,Female,46,Platinum
Malaikah Duggan,Female,67,Gold
Malaki Oconnor,Male,41,Platinum
Malcolm Collier,Female,64,Platinum
Maleeha Horne,Female,19,Gold
Malika Montgomery,Male,15,Gold
Malikah Sheridan,Female,42,Silver
Manal Lyons,Female,55,Gold
Margaret Cordova,Female,54,Gold
Marley Bravo,Female,23,Silver
Marley Griffith,Male,61,Silver
Marni Berry,Male,48,Silver
Marsha Nixon,Female,16,Silver
Marta Petty,Male,43,Silver
Martina Newman,Male,39,Platinum
Mcauley Jackson,Female,46,Platinum
Mccauley Gibbons,Female,37,Gold
Meadow Barry,Male,42,Platinum
Meg Mair,Female,16,Platinum
Megan Legge,Female,39,Silver
Mehak Mccann,Male,63,Platinum
Mehreen Escobar,Male,32,Silver
Melanie Kavanagh,Female,32,Gold
Melissa Durham,Female,34,Platinum
Mia Myers,Male,20,Silver
Mohamed Sweeney,Female,55,Platinum
Mohammed Macleod,Male,63,Platinum
Mohammod Finnegan,Female,26,Silver
Mohsin Simmons,Male,26,Platinum
Monica Hardy,Male,24,Platinum
Montel Atkins,Male,59,Gold
Mujtaba Whitehead,Female,15,Silver
Murphy Appleton,Female,23,Gold
Musab Tran,Male,51,Gold
Myla Redman,Male,24,Platinum
Mylo Puckett,Female,61,Platinum
Nabeel Feeney,Male,31,Platinum
Nadeem Mooney,Male,17,Gold
Nannie Mcintyre,Female,60,Gold
Nansi Parkes,Male,23,Gold
Nataniel Power,Female,67,Gold
Nate Raymond,Female,26,Gold
Nathanael Knowles,Female,49,Gold
Nellie Nguyen,Male,25,Silver
Nelson Wilkinson,Female,27,Platinum
Noel Hayward,Female,55,Gold
Nora Odom,Female,15,Gold
Nour Herman,Male,15,Gold
Nyla Brett,Female,26,Gold
Nylah Harper,Male,22,Gold
Odin Cope,Male,54,Gold
Olivia Figueroa,Female,54,Platinum
Paula Fountain,Male,16,Silver
Pearce Dodd,Male,55,Gold
Pearl Gould,Male,17,Gold
Pedro Murray,Female,18,Gold
Penelope Maynard,Female,52,Silver
Persephone Crowther,Male,49,Platinum
Peter Berg,Male,67,Gold
Philip Bain,Male,19,Silver
Phillipa Shepherd,Male,55,Platinum
Piotr Cresswell,Male,32,Gold
Pranav Hutchings,Female,60,Silver
Preston Trejo,Female,38,Silver
Priyanka Brennan,Male,57,Platinum
Radhika Harding,Male,58,Platinum
Radhika Hensley,Female,29,Silver
Raheel Connelly,Female,39,Silver
Raihan Phelps,Female,41,Platinum
Ralphy Booth,Male,43,Gold
Rebeca Leblanc,Male,53,Platinum
Reegan Summers,Female,34,Platinum
Reis Cousins,Female,32,Gold
Remy Mcclain,Male,58,Silver
Remy Strickland,Male,57,Gold
Renee Boyle,Male,29,Gold
Renesmee Adkins,Male,33,Gold
Reuben Sanford,Female,36,Gold
Reuben Welsh,Male,60,Platinum
Robert Kay,Female,30,Silver
Rochelle Goodwin,Male,56,Gold
Rohit Allan,Male,30,Gold
Rohit Correa,Male,43,Silver
Ronaldo Solomon,Female,34,Gold
Rudra Montes,Male,57,Gold
Rumaysa Betts,Male,29,Platinum
Ruqayyah Mclean,Female,15,Gold
Saara Rawlings,Female,44,Gold
Saba Booker,Male,25,Silver
Sabina Gross,Male,43,Gold
Sadie Li,Male,27,Gold
Sahar Hernandez,Male,30,Silver
Saira Connolly,Female,28,Platinum
Samir Abbott,Male,23,Gold
Sammy Mercer,Male,60,Platinum
Samson Stout,Male,23,Gold
Saqlain Schultz,Male,39,Gold
Sara Hancock,Female,61,Platinum
Saskia Gibson,Male,26,Platinum
Saul Hogg,Female,52,Platinum
Savannah Padilla,Female,66,Silver
Scott Mcfadden,Male,19,Silver
Selin Hensley,Female,65,Gold
Selin Keller,Female,33,Platinum
Selin Prince,Male,16,Gold
Selina Shah,Female,40,Silver
Shabaz Jacobson,Male,39,Platinum
Shakir Conway,Male,22,Silver
Shakira Mcdonnell,Male,44,Platinum
Shanice Washington,Male,24,Silver
Sharmin Charlton,Male,17,Gold
Shayaan Houghton,Female,37,Gold
Shelbie Tyler,Male,52,Gold
Shelby Chadwick,Male,35,Gold
Shelley Waller,Female,60,Platinum
Sheridan Parsons,Female,24,Silver
Shirley Bowes,Male,47,Silver
Shiv Aguirre,Female,63,Silver
Shuaib Walter,Male,22,Gold
Sienna Bannister,Male,46,Platinum
Simeon Johnson,Male,20,Platinum
Simeon Suarez,Male,67,Silver
Simrah Higgins,Female,35,Platinum
Siraj Mckeown,Female,63,Silver
Siyana Hardin,Male,31,Silver
Sohaib Read,Male,28,Platinum
Sol Calvert,Female,19,Gold
Sonya Dunlop,Male,37,Silver
Sophia Alston,Male,44,Gold
Sophie Peck,Female,20,Silver
Sophie Simons,Female,39,Gold
Stacy Bostock,Female,25,Silver
Stan Estes,Female,57,Platinum
Stefan Plummer,Female,16,Platinum
Stuart Walter,Male,43,Platinum
Suhail Sparrow,Male,33,Silver
Sukhmani Taylor,Female,62,Gold
Suman Macdonald,Male,65,Silver
Sumayyah Potter,Female,45,Silver
Sunil Conner,Female,50,Gold
Susan Wilcox,Female,20,Silver
Susannah Nairn,Male,34,Gold
Sydney Corbett,Female,47,Platinum
Sylvia Boyle,Female,28,Platinum
Szymon Grimes,Female,28,Platinum
Tabatha Raymond,Male,29,Silver
Tabitha Durham,Male,38,Gold
Tahir Parsons,Male,58,Silver
Taiba Rice,Female,54,Platinum
Talha Spears,Female,38,Platinum
Taliah Sharpe,Male,51,Platinum
Tamika Gamble,Male,48,Silver
Tarun Marks,Female,36,Platinum
Tayyab Wickens,Male,63,Silver
Tayyibah Amos,Female,60,Silver
Teagan Adam,Female,39,Silver
Tegan Becker,Male,23,Platinum
Tess Herman,Male,32,Silver
Thomas Fritz,Male,35,Gold
Tina Brandt,Female,53,Platinum
Tiya Mcknight,Male,15,Silver
Tobias Barrow,Male,36,Gold
Tomos Mckee,Male,45,Silver
Tonisha Welch,Female,16,Platinum
Tre Calhoun,Male,47,Gold
Trey Haley,Male,31,Platinum
Tristan Barrow,Female,46,Silver
Troy Goodwin,Female,60,Gold
Tyler-James Henry,Male,21,Platinum
Tylor Kaufman,Male,43,Gold
Tymon Mcneil,Female,33,Platinum
Tyreese Cain,Female,54,Platinum
Tyreese Gilmore,Male,39,Platinum
Tyrique Watt,Male,30,Platinum
Umaiza Vang,Female,17,Platinum
Umar Hines,Female,18,Platinum
Una Legge,Female,60,Platinum
Usaamah Dillard,Male,47,Silver
Usama Frost,Female,18,Gold
Usama Mcfarlane,Female,57,Silver
Uzma Devlin,Male,44,Platinum
Veer Legge,Male,17,Silver
Vera Kramer,Female,24,Silver
Vienna Hill,Male,60,Gold
Vihaan Zhang,Male,66,Silver
Vikki Joyce,Male,56,Platinum
Viola Salazar,Female,33,Platinum
Vivien Barnett,Male,47,Silver
Vivien Mcgregor,Male,39,Platinum
Wallace Daniel,Male,27,Platinum
Waqas Cottrell,Female,35,Gold
Warwick Woolley,Male,49,Silver
Wiktor Santos,Female,26,Gold
Wilma Buckley,Female,23,Silver
Woodrow Mccall,Female,39,Platinum
Yanis Mcbride,Female,38,Gold
Yosef Swan,Male,20,Gold
Yusha Weaver,Male,37,Gold
Yusra Lyon,Female,26,Platinum
Yuvaan Cote,Male,18,Gold
Yvie Page,Male,20,Gold
Yvonne Hackett,Female,19,Silver
Zahid Hurst,Female,36,Silver
Zaid Kidd,Male,51,Gold
Zaine Berger,Male,28,Gold
Zak Adamson,Male,44,Silver
Zakariya Neale,Female,15,Silver
Zakariyya Cope,Male,41,Silver
Zander Aldred,Female,51,Platinum
Zander Rich,Female,25,Gold
Zeeshan Keeling,Male,34,Platinum
Zena Rawlings,Female,53,Gold
